1,84,Internet Banking,5/2/2024,Completed,300
2,85,Internet Banking,6/11/2024,Completed,300
3,86,Card,5/3/2024,Completed,360
4,87,Momo,7/2/2024,Completed,360
5,88,QR Pay,5/4/2024,Completed,700
6,89,Internet Banking,5/7/2024,Completed,625
7,90,Card,5/6/2024,Completed,600
8,91,QR Pay,6/7/2024,Completed,330
9,92,Momo,6/9/2024,Completed,560
10,93,Internet Banking,6/12/2024,Completed,425
11,94,Card,6/10/2024,Completed,800
12,95,QR Pay,7/11/2024,Completed,240
13,96,Momo,5/13/2024,Completed,1200
14,97,Internet Banking,5/12/2024,Completed,220
15,98,Card,5/14/2024,Completed,600
16,99,Momo,5/17/2024,Completed,850
17,100,Internet Banking,5/15/2024,Completed,160
18,101,QR Pay,6/19/2024,Completed,460
19,102,Card,6/18/2024,Completed,400
20,103,Momo,6/21/2024,Completed,570
21,104,Internet Banking,6/20/2024,Completed,800
22,105,QR Pay,7/23/2024,Completed,360
23,106,Card,7/27/2024,Completed,360
24,107,Internet Banking,5/26/2024,Completed,300
25,108,Card,5/25/2024,Completed,360
26,109,QR Pay,6/28/2024,Completed,700
27,110,Momo,6/29/2024,Completed,625
28,111,Internet Banking,7/1/2024,Completed,600
29,112,Card,6/30/2024,Completed,330
30,113,QR Pay,7/21/2024,Completed,560
31,114,Momo,6/3/2024,Completed,850
32,115,Internet Banking,6/2/2024,Completed,800
33,116,Card,6/4/2024,Completed,240
34,117,QR Pay,6/7/2024,Completed,750
35,118,Momo,6/5/2024,Completed,180
36,119,Internet Banking,7/9/2024,Completed,700
37,120,Card,7/8/2024,Completed,625
38,121,QR Pay,7/11/2024,Completed,300
39,122,Momo,7/10/2024,Completed,460
40,123,Internet Banking,8/13/2024,Completed,480
41,124,Card,6/2/2024,Completed,570
42,125,QR Pay,6/3/2024,Completed,800
43,126,Momo,6/4/2024,Completed,360
44,127,Internet Banking,6/7/2024,Completed,300
45,128,Card,6/6/2024,Completed,360
46,129,QR Pay,7/8/2024,Completed,700
47,130,Momo,7/9/2024,Completed,625
48,131,Internet Banking,7/11/2024,Completed,600
49,132,Card,7/10/2024,Completed,330
50,133,QR Pay,8/11/2024,Completed,560
51,134,Internet Banking,6/13/2024,Completed,850
52,135,Card,6/12/2024,Completed,800
53,136,QR Pay,6/14/2024,Completed,240
54,137,Momo,6/17/2024,Completed,750
55,138,Internet Banking,6/15/2024,Completed,180
56,139,Card,7/19/2024,Completed,700
57,140,QR Pay,7/18/2024,Completed,625
58,141,Momo,7/21/2024,Completed,300
59,142,Internet Banking,7/20/2024,Completed,460
60,143,Card,8/23/2024,Completed,480
61,144,QR Pay,6/22/2024,Completed,570
62,145,Momo,6/23/2024,Completed,800
63,146,Internet Banking,6/24/2024,Completed,360
64,147,Card,6/27/2024,Completed,300
65,148,QR Pay,6/26/2024,Completed,360
66,149,Momo,7/28/2024,Completed,700
67,150,Internet Banking,7/29/2024,Completed,625
68,151,Card,8/1/2024,Completed,600
69,152,QR Pay,8/2/2024,Completed,330
70,153,Momo,9/1/2024,Completed,560
71,154,Internet Banking,7/13/2024,Completed,850
72,155,Card,7/12/2024,Completed,800
73,156,QR Pay,7/14/2024,Completed,240
74,157,Momo,7/17/2024,Completed,1000
75,158,Internet Banking,7/15/2024,Completed,180
76,159,Card,8/19/2024,Completed,700
77,160,QR Pay,8/18/2024,Completed,625
78,161,Momo,8/21/2024,Completed,300
79,162,Internet Banking,8/20/2024,Completed,460
80,163,Card,8/23/2024,Completed,480
81,164,QR Pay,6/22/2024,Completed,570
82,165,Momo,6/23/2024,Completed,800
83,166,Internet Banking,6/24/2024,Completed,360
84,167,,,In Progress,600
